Title,Body
Dollars and Dreams: 10 Hottest Professions for Hefty Paychecks,"Stay ahead of the curve. Traditional career paths are transforming, and new opportunities are emerging."
IS LEARNING PYTHON WORTH IT?,Python is a popular programming language that is straightforward to use and apprehend. It lets
“Cybersecurity in the Digital Age: Protecting Your Business from Emerging Threats”,"In the present reliably influencing modernized world, online security has transformed into an essential concern"
Unlocking Success: Strategies to Boost Performance and Efficiency in IT Infrastructure,"Procedures to Lift Execution and Productivity in Your IT Foundation: Hello there, individual tech lovers!"
Streamlining Business Operations: The Role of Technology Consulting,"Introduction: In the present quickly developing business climate, ventures experience heightening requests to refine their"
The Role of Big Data Analytics in Decision-Making,"Presentation: In the computerized age, where information fills in as the key part of development,"
Success Unveiled: The Precision Path to OPT and CPT Excellence,Leaving on the groundbreaking excursion of Discretionary Pragmatic Preparation (Pick) and Curricular Down to earth
Java Developer Certification Prep: A Roadmap to Exam Success,"Introduction: In the dynamic landscape of software development, a Java developer training and placement certification"
Cloud Security Mastery: Enhance Your Expertise with AWS Training,"Introduction:   In our consistently impacting computerized world, shielding advanced resources through the security of"
